{"WA": {"CARCINOGEN": 13.544960937484523, "CLEAR_AIR_ACT_CHEMICAL": 66.52491135421447, "METAL": 27.260025536469477, "FEDERAL_FACILITY": 11.777963174101929}, "DE": {"FEDERAL_FACILITY": 0.005354141869468698, "CLEAR_AIR_ACT_CHEMICAL": 36.18070177824096, "METAL": 22.278885960252357, "CARCINOGEN": 8.482372775053044}, "DC": {"FEDERAL_FACILITY": 1.074061140829715, "CLEAR_AIR_ACT_CHEMICAL": 99.32974413016777, "METAL": 1.0907316036904746, "CARCINOGEN": 98.99476353263914}, "WI": {"CARCINOGEN": 3.5742901894286803, "METAL": 28.34106766461976, "CLEAR_AIR_ACT_CHEMICAL": 49.86086301292307, "FEDERAL_FACILITY": 0.24921508220956903}, "WV": {"CARCINOGEN": 2.7704896035049744, "CLEAR_AIR_ACT_CHEMICAL": 40.87312906337186, "METAL": 31.074281031491267, "FEDERAL_FACILITY": 0.023138269545248415}, "HI": {"CLEAR_AIR_ACT_CHEMICAL": 18.26477197258893, "CARCINOGEN": 5.443990995696133, "METAL": 13.138341906418983, "FEDERAL_FACILITY": 26.313465977014754}, "FL": {"CARCINOGEN": 4.255858450850434, "CLEAR_AIR_ACT_CHEMICAL": 30.889098256994345, "METAL": 10.709873730859996, "FEDERAL_FACILITY": 0.8138455990692709}, "WY": {"CARCINOGEN": 0.993834096094742, "CLEAR_AIR_ACT_CHEMICAL": 17.63907728626285, "METAL": 13.53674429429188, "FEDERAL_FACILITY": 0.0018159440014784822}, "NH": {"CARCINOGEN": 13.096482111130662, "CLEAR_AIR_ACT_CHEMICAL": 40.20152334359736, "METAL": 17.901420547999177, "FEDERAL_FACILITY": 0.03907923406094535}, "NJ": {"CARCINOGEN": 3.01218877653343, "CLEAR_AIR_ACT_CHEMICAL": 24.137204098488148, "METAL": 25.941813461787255, "FEDERAL_FACILITY": 1.3669742029975758}, "NM": {"CARCINOGEN": 2.306017072626887, "CLEAR_AIR_ACT_CHEMICAL": 67.19049380424322, "METAL": 53.74765273397768, "FEDERAL_FACILITY": 1.2876679595657696}, "TX": {"CARCINOGEN": 10.724009367547806, "CLEAR_AIR_ACT_CHEMICAL": 51.10563432052264, "METAL": 13.970504929810126, "FEDERAL_FACILITY": 0.2651578852392363}, "LA": {"CARCINOGEN": 13.839173028862884, "CLEAR_AIR_ACT_CHEMICAL": 49.39402862450246, "METAL": 12.23847447145519, "FEDERAL_FACILITY": 0.113234424453719}, "NC": {"CARCINOGEN": 4.479119619497596, "CLEAR_AIR_ACT_CHEMICAL": 47.402113226420546, "METAL": 29.8158905391185, "FEDERAL_FACILITY": 3.4112319323559506}, "ND": {"CARCINOGEN": 10.522400699958718, "CLEAR_AIR_ACT_CHEMICAL": 27.113209622906727, "METAL": 9.219160996627277, "FEDERAL_FACILITY": 0.014642440271271637}, "NE": {"CARCINOGEN": 3.1562687956221467, "CLEAR_AIR_ACT_CHEMICAL": 17.139822204067727, "METAL": 11.163312876806016, "FEDERAL_FACILITY": 0.01969406057064021}, "TN": {"CARCINOGEN": 4.865901767414759, "CLEAR_AIR_ACT_CHEMICAL": 52.47275520056015, "METAL": 43.43842015154995, "FEDERAL_FACILITY": 21.634485422936674}, "NY": {"CARCINOGEN": 6.750203763079172, "CLEAR_AIR_ACT_CHEMICAL": 40.85060902409195, "METAL": 14.727845086130293, "FEDERAL_FACILITY": 1.5335956843592595}, "PA": {"CARCINOGEN": 3.14316751099005, "CLEAR_AIR_ACT_CHEMICAL": 39.78974673853392, "METAL": 56.08511218252157, "FEDERAL_FACILITY": 0.21977914923066005}, "AK": {"CARCINOGEN": 0.020976883179444454, "CLEAR_AIR_ACT_CHEMICAL": 41.381114824443685, "METAL": 99.66369278482105, "FEDERAL_FACILITY": 0.06062131039283874}, "NV": {"CARCINOGEN": 1.2061548438410465, "CLEAR_AIR_ACT_CHEMICAL": 82.86145486902193, "METAL": 96.8268006160392, "FEDERAL_FACILITY": 0.03093510109421451}, "VA": {"CARCINOGEN": 2.6039470887830083, "CLEAR_AIR_ACT_CHEMICAL": 42.22059465299815, "METAL": 20.11349625434461, "FEDERAL_FACILITY": 20.68947999481318}, "CO": {"CARCINOGEN": 3.232482040185075, "METAL": 52.98558505918442, "CLEAR_AIR_ACT_CHEMICAL": 54.44146511970423, "FEDERAL_FACILITY": 1.4970975421709005}, "CA": {"CARCINOGEN": 19.926261865901353, "CLEAR_AIR_ACT_CHEMICAL": 63.41695945790256, "METAL": 34.041748957586286, "FEDERAL_FACILITY": 4.447298425661053}, "AL": {"CARCINOGEN": 6.776178735706298, "CLEAR_AIR_ACT_CHEMICAL": 50.743407402295745, "METAL": 35.05352903352546, "FEDERAL_FACILITY": 4.682450168009742}, "AS": {"CARCINOGEN": 1.2264217528772963, "CLEAR_AIR_ACT_CHEMICAL": 1.2264217528772963}, "AR": {"CARCINOGEN": 5.550491122494831, "CLEAR_AIR_ACT_CHEMICAL": 56.05145131168698, "METAL": 18.406551480133803, "FEDERAL_FACILITY": 0.22598924125189815}, "VT": {"CARCINOGEN": 12.902824571090452, "CLEAR_AIR_ACT_CHEMICAL": 21.3245878601168, "METAL": 13.172695915968577, "FEDERAL_FACILITY": 2.740592809326185}, "IL": {"CARCINOGEN": 8.273685902595131, "CLEAR_AIR_ACT_CHEMICAL": 47.027173626398245, "METAL": 37.65649357284185, "FEDERAL_FACILITY": 0.035149120083636215}, "GA": {"CARCINOGEN": 4.085331788456265, "CLEAR_AIR_ACT_CHEMICAL": 45.66348795610242, "METAL": 8.909136074580909, "FEDERAL_FACILITY": 1.069992823846514}, "IN": {"CARCINOGEN": 6.565943502250861, "CLEAR_AIR_ACT_CHEMICAL": 37.38139870355515, "METAL": 45.51789883159439, "FEDERAL_FACILITY": 0.39322782080577423}, "IA": {"CARCINOGEN": 5.2424920846662095, "CLEAR_AIR_ACT_CHEMICAL": 32.79508865193619, "METAL": 14.677393582239509, "FEDERAL_FACILITY": 0.08140465392931605}, "MA": {"CARCINOGEN": 11.638563937531247, "CLEAR_AIR_ACT_CHEMICAL": 44.91731096106341, "METAL": 44.446723385469085, "FEDERAL_FACILITY": 0.42489246934209063}, "AZ": {"CARCINOGEN": 3.6892405241400827, "CLEAR_AIR_ACT_CHEMICAL": 30.87048721874148, "METAL": 84.26676285940212, "FEDERAL_FACILITY": 0.11986765558371344}, "ID": {"CARCINOGEN": 4.711945624588424, "CLEAR_AIR_ACT_CHEMICAL": 51.03101839063079, "METAL": 62.3614686566107, "FEDERAL_FACILITY": 2.2972914196228493}, "CT": {"CARCINOGEN": 26.55008309396278, "CLEAR_AIR_ACT_CHEMICAL": 49.933648476729644, "METAL": 29.263230220441095, "FEDERAL_FACILITY": 0.14320619948686328}, "ME": {"CARCINOGEN": 2.897638811619302, "CLEAR_AIR_ACT_CHEMICAL": 43.058879678147896, "METAL": 35.97930801530501, "FEDERAL_FACILITY": 0.07249152431986086}, "MD": {"CARCINOGEN": 5.111292453389795, "CLEAR_AIR_ACT_CHEMICAL": 49.79584180087328, "METAL": 18.923967853906323, "FEDERAL_FACILITY": 1.8129699125549403}, "OK": {"CARCINOGEN": 5.483089955246012, "CLEAR_AIR_ACT_CHEMICAL": 37.932008699325465, "METAL": 17.802806174865513, "FEDERAL_FACILITY": 1.6654551900045376}, "OH": {"CARCINOGEN": 5.477979037896851, "METAL": 39.56363041407185, "CLEAR_AIR_ACT_CHEMICAL": 46.45408988727329, "FEDERAL_FACILITY": 0.12236557466510047}, "UT": {"CARCINOGEN": 0.3762680779026244, "METAL": 77.65251749556657, "CLEAR_AIR_ACT_CHEMICAL": 63.63639455781937, "FEDERAL_FACILITY": 0.02798899314906137}, "MO": {"CARCINOGEN": 2.0598046802960934, "CLEAR_AIR_ACT_CHEMICAL": 46.19401933176077, "METAL": 66.15645709604107, "FEDERAL_FACILITY": 0.4416807121722274}, "MN": {"CARCINOGEN": 3.643248620753708, "CLEAR_AIR_ACT_CHEMICAL": 33.677090140084296, "METAL": 16.961630647422027, "FEDERAL_FACILITY": 0.32014160409920267}, "MI": {"CARCINOGEN": 5.815400933153644, "CLEAR_AIR_ACT_CHEMICAL": 43.87642702630061, "METAL": 37.76614360529585, "FEDERAL_FACILITY": 0.049063869981776934}, "RI": {"CARCINOGEN": 11.707459461015194, "CLEAR_AIR_ACT_CHEMICAL": 58.401009406723915, "METAL": 32.21486064173654, "FEDERAL_FACILITY": 0.8185685526176805}, "KS": {"CARCINOGEN": 8.52129593349191, "CLEAR_AIR_ACT_CHEMICAL": 41.383857277581, "METAL": 16.89053386279655, "FEDERAL_FACILITY": 0.6555299901484587}, "MT": {"CLEAR_AIR_ACT_CHEMICAL": 28.86971181206767, "CARCINOGEN": 3.0619768951441064, "METAL": 65.90784878174459, "FEDERAL_FACILITY": 0.02925498518892078}, "MS": {"CLEAR_AIR_ACT_CHEMICAL": 68.00398583365804, "CARCINOGEN": 1.9556043092964068, "METAL": 49.65473521012171, "FEDERAL_FACILITY": 0.8858387905532287}, "SC": {"CARCINOGEN": 9.038304368680548, "CLEAR_AIR_ACT_CHEMICAL": 58.82905808497575, "METAL": 36.00691135767414, "FEDERAL_FACILITY": 6.669500946178728}, "KY": {"CARCINOGEN": 2.820229188570686, "CLEAR_AIR_ACT_CHEMICAL": 39.57948791660585, "METAL": 27.040250300790735, "FEDERAL_FACILITY": 12.660061829210182}, "OR": {"CARCINOGEN": 15.321076747935827, "CLEAR_AIR_ACT_CHEMICAL": 54.19892387132792, "METAL": 42.447754618605806, "FEDERAL_FACILITY": 0.043235581417634006}, "SD": {"FEDERAL_FACILITY": 1.294949850575971, "CLEAR_AIR_ACT_CHEMICAL": 35.48670282375533, "METAL": 18.77311750884405,