{"WA": {"CARCINOGEN": 11.630036470570683, "CLEAR_AIR_ACT_CHEMICAL": 64.47500492772387, "METAL": 26.70403879693332, "FEDERAL_FACILITY": 7.612240883945881}, "DE": {"CARCINOGEN": 5.704708294328888, "METAL": 29.36305326120786, "CLEAR_AIR_ACT_CHEMICAL": 39.520211316416756, "FEDERAL_FACILITY": 0.009363068990862476}, "DC": {"FEDERAL_FACILITY": 64.2608630727077, "CLEAR_AIR_ACT_CHEMICAL": 47.56372316925455, "METAL": 59.75083594984737, "CARCINOGEN": 2.3010798523308584}, "WI": {"CARCINOGEN": 4.760039645615828, "CLEAR_AIR_ACT_CHEMICAL": 49.17979469124531, "METAL": 29.137888656650734, "FEDERAL_FACILITY": 0.1617361293181749}, "WV": {"CARCINOGEN": 3.5061801506134227, "CLEAR_AIR_ACT_CHEMICAL": 39.10438195278747, "METAL": 27.286075877771303, "FEDERAL_FACILITY": 0.021266629915117994}, "HI": {"CARCINOGEN": 4.250379235959664, "CLEAR_AIR_ACT_CHEMICAL": 17.567612746613932, "METAL": 7.947136306869421, "FEDERAL_FACILITY": 23.00174060795038}, "FL": {"CARCINOGEN": 4.627590149823644, "CLEAR_AIR_ACT_CHEMICAL": 30.828058559529296, "METAL": 9.04370264176617, "FEDERAL_FACILITY": 1.0413461609828336}, "WY": {"CARCINOGEN": 1.1275061900877328, "CLEAR_AIR_ACT_CHEMICAL": 20.395686096240716, "METAL": 14.335732708258183, "FEDERAL_FACILITY": 0.002468248938708486}, "NH": {"CARCINOGEN": 11.562062513382562, "CLEAR_AIR_ACT_CHEMICAL": 52.09436974851926, "METAL": 14.369217959491948, "FEDERAL_FACILITY": 0.120213155991724}, "NJ": {"CARCINOGEN": 2.9955698135615174, "CLEAR_AIR_ACT_CHEMICAL": 17.087632006260016, "METAL": 18.854154558183772, "FEDERAL_FACILITY": 1.036004294921749}, "NM": {"CARCINOGEN": 1.5099453855107767, "CLEAR_AIR_ACT_CHEMICAL": 64.81558305447152, "METAL": 51.48729485504345, "FEDERAL_FACILITY": 1.0350122207597747}, "TX": {"CARCINOGEN": 11.659788264416894, "CLEAR_AIR_ACT_CHEMICAL": 45.83922997123352, "METAL": 15.919995126948391, "FEDERAL_FACILITY": 0.32260251209384383}, "LA": {"CARCINOGEN": 14.26582091266855, "METAL": 13.020030498939942, "CLEAR_AIR_ACT_CHEMICAL": 51.40577388848446, "FEDERAL_FACILITY": 0.13642881720504557}, "NC": {"CARCINOGEN": 4.207047936439515, "CLEAR_AIR_ACT_CHEMICAL": 49.01094737456528, "METAL": 25.922685861396143, "FEDERAL_FACILITY": 4.552725431944166}, "ND": {"CARCINOGEN": 1.434742389091648, "CLEAR_AIR_ACT_CHEMICAL": 18.816500382428394, "METAL": 10.096476630786416, "FEDERAL_FACILITY": 0.010178417280205585}, "NE": {"CARCINOGEN": 3.2152711968463166, "CLEAR_AIR_ACT_CHEMICAL": 19.5726372375255, "METAL": 12.131221451531808, "FEDERAL_FACILITY": 0.027228371577783007}, "TN": {"CLEAR_AIR_ACT_CHEMICAL": 48.52028830141598, "CARCINOGEN": 4.399110985568706, "METAL": 47.371220209489486, "FEDERAL_FACILITY": 18.82593003613307}, "NY": {"CARCINOGEN": 9.690811367793914, "CLEAR_AIR_ACT_CHEMICAL": 44.754081991029565, "METAL": 14.745470413699117, "FEDERAL_FACILITY": 1.0495524696025331}, "PA": {"CARCINOGEN": 3.5303512630835274, "CLEAR_AIR_ACT_CHEMICAL": 38.95412160824836, "METAL": 54.63605893999856, "FEDERAL_FACILITY": 0.16792342168364077}, "AK": {"CARCINOGEN": 0.029401511719801376, "METAL": 99.63455248551388, "CLEAR_AIR_ACT_CHEMICAL": 37.72813143454393, "FEDERAL_FACILITY": 0.043344691686545096}, "NV": {"CARCINOGEN": 1.2953689724276467, "CLEAR_AIR_ACT_CHEMICAL": 79.29976878556096, "METAL": 96.16318600515832, "FEDERAL_FACILITY": 0.2553831085799813}, "VA": {"CARCINOGEN": 2.6305830032615893, "CLEAR_AIR_ACT_CHEMICAL": 39.05628794230877, "METAL": 21.97926405696831, "FEDERAL_FACILITY": 19.179801510874515}, "CO": {"CLEAR_AIR_ACT_CHEMICAL": 57.01589211367022, "CARCINOGEN": 3.47560028898319, "METAL": 55.587911314853734, "FEDERAL_FACILITY": 1.5201466197040046}, "CA": {"CARCINOGEN": 11.582147612606086, "METAL": 38.52689231828763, "CLEAR_AIR_ACT_CHEMICAL": 56.4780272946178, "FEDERAL_FACILITY": 4.658697458043058}, "AL": {"CARCINOGEN": 7.785201830326257, "METAL": 32.10570206740258, "CLEAR_AIR_ACT_CHEMICAL": 52.56304451603643, "FEDERAL_FACILITY": 5.232299641633472}, "AS": {"CARCINOGEN": 2.163254548118106, "CLEAR_AIR_ACT_CHEMICAL": 3.012505523922642}, "AR": {"CARCINOGEN": 6.816616805482114, "CLEAR_AIR_ACT_CHEMICAL": 53.65708987946244, "METAL": 16.05065964381194, "FEDERAL_FACILITY": 0.9025768243594092}, "VT": {"CARCINOGEN": 30.988513310735673, "CLEAR_AIR_ACT_CHEMICAL": 37.67479181294307, "METAL": 33.27758314425716, "FEDERAL_FACILITY": 2.9376343846043547}, "IL": {"CARCINOGEN": 10.078828222826369, "METAL": 37.84994530790847, "CLEAR_AIR_ACT_CHEMICAL": 43.49793815446277, "FEDERAL_FACILITY": 0.03767810639036959}, "GA": {"CARCINOGEN": 4.228363078104696, "CLEAR_AIR_ACT_CHEMICAL": 48.3334166788069, "METAL": 10.323026673569622, "FEDERAL_FACILITY": 1.0663172926096043}, "IN": {"CARCINOGEN": 6.973635068824407, "METAL": 42.52793472432929, "CLEAR_AIR_ACT_CHEMICAL": 35.59393233098284, "FEDERAL_FACILITY": 0.3178513433334452}, "IA": {"CARCINOGEN": 4.699706798293138, "CLEAR_AIR_ACT_CHEMICAL": 30.813884708736953, "METAL": 15.536585942192573, "FEDERAL_FACILITY": 0.0864942784331371}, "MA": {"CARCINOGEN": 10.83342199170416, "CLEAR_AIR_ACT_CHEMICAL": 50.687626531197225, "METAL": 43.929783183246805, "FEDERAL_FACILITY": 0.512573771383519}, "AZ": {"CARCINOGEN": 4.204606935993178, "CLEAR_AIR_ACT_CHEMICAL": 29.073791892670986, "METAL": 87.25437315664647, "FEDERAL_FACILITY": 0.07819558918471815}, "ID": {"CLEAR_AIR_ACT_CHEMICAL": 46.84700954082842, "CARCINOGEN": 6.685344279432792, "METAL": 54.0635934196513, "FEDERAL_FACILITY": 4.448442185399665}, "CT": {"CARCINOGEN": 15.903104593339245, "METAL": 29.280956857811937, "CLEAR_AIR_ACT_CHEMICAL": 44.45625621872819, "FEDERAL_FACILITY": 0.09821298787805195}, "ME": {"CARCINOGEN": 2.6222164212370007, "CLEAR_AIR_ACT_CHEMICAL": 42.77023245476161, "METAL": 39.26233754567463, "FEDERAL_FACILITY": 0.001556642270360153}, "MD": {"CARCINOGEN": 5.704925284885617, "CLEAR_AIR_ACT_CHEMICAL": 45.455159131286365, "METAL": 12.873458100816904, "FEDERAL_FACILITY": 2.2771835072671056}, "OK": {"CARCINOGEN": 2.023343746896085, "CLEAR_AIR_ACT_CHEMICAL": 49.231616063587026, "METAL": 46.89699637865279, "FEDERAL_FACILITY": 0.9608559138823919}, "OH": {"CARCINOGEN": 5.068029077130614, "CLEAR_AIR_ACT_CHEMICAL": 48.8868340237996, "METAL": 34.3717722786333, "FEDERAL_FACILITY": 0.10962050156376382}, "UT": {"FEDERAL_FACILITY": 0.16337801956821735, "CLEAR_AIR_ACT_CHEMICAL": 65.18315090387408, "METAL": 90.68312617894023, "CARCINOGEN": 1.189444589894809}, "MO": {"CARCINOGEN": 2.239715120036454, "METAL": 66.94119886453691, "CLEAR_AIR_ACT_CHEMICAL": 45.33271038268067, "FEDERAL_FACILITY": 0.4406541424443095}, "MN": {"CARCINOGEN": 3.432696246730583, "CLEAR_AIR_ACT_CHEMICAL": 32.72371615882076, "METAL": 19.89631649308413, "FEDERAL_FACILITY": 0.22417809717343926}, "MI": {"CARCINOGEN": 5.943474583933164, "CLEAR_AIR_ACT_CHEMICAL": 47.61492744606547, "METAL": 35.98272687089531, "FEDERAL_FACILITY": 0.03150276258886604}, "RI": {"CARCINOGEN": 7.487059795885978, "CLEAR_AIR_ACT_CHEMICAL": 54.59750511129351, "METAL": 43.6073408421747, "FEDERAL_FACILITY": 0.43231773303063664}, "KS": {"CARCINOGEN": 8.245093612084267, "CLEAR_AIR_ACT_CHEMICAL": 38.450327142581465, "METAL": 14.336945466873061, "FEDERAL_FACILITY": 0.4755145097428144}, "MT": {"CARCINOGEN": 4.014261648152416, "CLEAR_AIR_ACT_CHEMICAL": 30.063204915493717, "METAL": 68.416527292434, "FEDERAL_FACILITY": 0.03883110726936137}, "MS": {"CARCINOGEN": 2.051624875262868, "CLEAR_AIR_ACT_CHEMICAL": 64.57144391848222, "METAL": 49.51629970001955, "FEDERAL_FACILITY": 0.5678548981660655}, "SC": {"CARCINOGEN": 8.594462413209595, "CLEAR_AIR_ACT_CHEMICAL": 55.124941824795606, "METAL": 32.60208697504458, "FEDERAL_FACILITY": 1.7265896984520923}, "KY": {"CARCINOGEN": 2.626963540509161, "CLEAR_AIR_ACT_CHEMICAL": 40.37207861965779, "METAL": 27.21635949625029, "FEDERAL_FACILITY": 13.786485215307412}, "OR": {"CARCINOGEN": 13.821630487485729, "CLEAR_AIR_ACT_CHEMICAL": 51.25548055331489, "METAL": 31.114168793243348, "FEDERAL_FACILITY": 0.029642657677875998}, "SD": {"CARCINOGEN": 5.414968398599372, "CLEAR_AIR_ACT_CHEMICAL": 39.919382792298194, "METAL": 19.70913938969794,