{"WA": {"CARCINOGEN": 25.140333944948555, "CLEAR_AIR_ACT_CHEMICAL": 64.81057026261887, "METAL": 35.63961808290495, "FEDERAL_FACILITY": 20.28508951293425}, "DE": {"CARCINOGEN": 2.802856426735748, "CLEAR_AIR_ACT_CHEMICAL": 84.44192904505054, "METAL": 50.81254085659197, "FEDERAL_FACILITY": 0.004522194930161201}, "DC": {"FEDERAL_FACILITY": 89.32398224433078, "CLEAR_AIR_ACT_CHEMICAL": 59.64397613279409, "METAL": 84.68859446757358, "CARCINOGEN": 4.2574671427307305}, "WI": {"CARCINOGEN": 4.859749520806629, "CLEAR_AIR_ACT_CHEMICAL": 45.34217084554215, "METAL": 26.707974132578393, "FEDERAL_FACILITY": 0.2517832984007559}, "WV": {"CARCINOGEN": 2.4413996708131434, "CLEAR_AIR_ACT_CHEMICAL": 47.179035646242895, "METAL": 28.970979849650636, "FEDERAL_FACILITY": 0.02483387279818713}, "HI": {"CARCINOGEN": 4.196046846324952, "CLEAR_AIR_ACT_CHEMICAL": 15.957078434149949, "METAL": 9.313696946982223, "FEDERAL_FACILITY": 24.64852549628786}, "FL": {"FEDERAL_FACILITY": 0.6072199380506547, "CLEAR_AIR_ACT_CHEMICAL": 32.61653235307772, "METAL": 11.576234472951974, "CARCINOGEN": 3.5055361506290974}, "WY": {"CARCINOGEN": 1.2230433628595, "CLEAR_AIR_ACT_CHEMICAL": 15.790387360541269, "METAL": 10.607729696443982, "FEDERAL_FACILITY": 0.0017490249242044236}, "NH": {"CARCINOGEN": 2.8447512793597225, "CLEAR_AIR_ACT_CHEMICAL": 69.1632864944423, "METAL": 5.30377489619245}, "NJ": {"CARCINOGEN": 2.1633514405007603, "METAL": 18.11808623603845, "CLEAR_AIR_ACT_CHEMICAL": 23.44309516897884, "FEDERAL_FACILITY": 1.5354727981848089}, "NM": {"CARCINOGEN": 1.4959964788479536, "CLEAR_AIR_ACT_CHEMICAL": 34.326327049185615, "METAL": 39.88661416073725, "FEDERAL_FACILITY": 1.5102978502680922}, "TX": {"CARCINOGEN": 12.312391168422263, "CLEAR_AIR_ACT_CHEMICAL": 46.63085604569661, "METAL": 16.16843839469601, "FEDERAL_FACILITY": 0.6808838176942105}, "LA": {"CARCINOGEN": 13.956305206872818, "CLEAR_AIR_ACT_CHEMICAL": 49.29100215569464, "METAL": 14.367700204002348, "FEDERAL_FACILITY": 0.07892848507421076}, "NC": {"CARCINOGEN": 3.404367678358304, "CLEAR_AIR_ACT_CHEMICAL": 54.6723426572098, "METAL": 22.838875067265352, "FEDERAL_FACILITY": 3.2909550996118226}, "ND": {"CARCINOGEN": 3.079293724165626, "CLEAR_AIR_ACT_CHEMICAL": 28.63339460423317, "METAL": 18.217719656456953, "FEDERAL_FACILITY": 0.019936243360753773}, "NE": {"CARCINOGEN": 2.486177638185753, "CLEAR_AIR_ACT_CHEMICAL": 16.000936884525178, "METAL": 13.064636952576954, "FEDERAL_FACILITY": 0.13615594507769194}, "TN": {"CARCINOGEN": 3.6592942280165346, "CLEAR_AIR_ACT_CHEMICAL": 54.06861659186435, "METAL": 45.58434599370182, "FEDERAL_FACILITY": 27.673244169178172}, "NY": {"CARCINOGEN": 6.535487838610556, "CLEAR_AIR_ACT_CHEMICAL": 42.07481003863535, "METAL": 19.4051863905672, "FEDERAL_FACILITY": 2.4275195177894835}, "PA": {"CARCINOGEN": 3.6192237503733846, "CLEAR_AIR_ACT_CHEMICAL": 44.3707745230677, "METAL": 49.55962056019266, "FEDERAL_FACILITY": 0.19595758412337266}, "AK": {"CARCINOGEN": 0.013993075601337267, "CLEAR_AIR_ACT_CHEMICAL": 41.595579353593514, "METAL": 99.50581381038887, "FEDERAL_FACILITY": 0.04629401152695693}, "NV": {"CARCINOGEN": 0.47083573197840856, "CLEAR_AIR_ACT_CHEMICAL": 84.43961474120883, "METAL": 97.41808699570608, "FEDERAL_FACILITY": 0.15692119337080607}, "VA": {"FEDERAL_FACILITY": 24.841899944419556, "CLEAR_AIR_ACT_CHEMICAL": 43.13746743225332, "METAL": 13.30901723189607, "CARCINOGEN": 2.237051519575789}, "CO": {"CLEAR_AIR_ACT_CHEMICAL": 48.93849414008913, "CARCINOGEN": 4.511959656424149, "METAL": 46.93336470176857, "FEDERAL_FACILITY": 1.89437883084701}, "CA": {"CARCINOGEN": 18.7925978865277, "CLEAR_AIR_ACT_CHEMICAL": 57.029367823359486, "METAL": 33.185543024783485, "FEDERAL_FACILITY": 3.775919880281774}, "AL": {"CARCINOGEN": 7.7931379269828165, "METAL": 38.10304934534012, "CLEAR_AIR_ACT_CHEMICAL": 49.710119101803905, "FEDERAL_FACILITY": 6.637665415412522}, "AS": {"CARCINOGEN": 100.0, "CLEAR_AIR_ACT_CHEMICAL": 100.0}, "AR": {"CARCINOGEN": 5.318547869937591, "CLEAR_AIR_ACT_CHEMICAL": 48.377386131325075, "METAL": 23.67295957603374, "FEDERAL_FACILITY": 0.29306008349829654}, "VT": {"CARCINOGEN": 9.099723746892085, "CLEAR_AIR_ACT_CHEMICAL": 12.108245740568812, "METAL": 12.401529360004613, "FEDERAL_FACILITY": 4.001325346491773}, "IL": {"CARCINOGEN": 3.096062289076528, "CLEAR_AIR_ACT_CHEMICAL": 35.72365244610208, "METAL": 43.293868950512376, "FEDERAL_FACILITY": 0.20103094481823047}, "GA": {"CARCINOGEN": 3.9068176923616265, "CLEAR_AIR_ACT_CHEMICAL": 44.09590176565795, "METAL": 13.080837606097104, "FEDERAL_FACILITY": 1.0198863641143812}, "IN": {"CARCINOGEN": 6.505017444546269, "CLEAR_AIR_ACT_CHEMICAL": 38.42713788638522, "METAL": 42.07521936555376, "FEDERAL_FACILITY": 0.34305156147231375}, "IA": {"CARCINOGEN": 4.55886544629986, "CLEAR_AIR_ACT_CHEMICAL": 30.14926855390176, "METAL": 14.935145732779995, "FEDERAL_FACILITY": 0.31806878373659786}, "MA": {"CARCINOGEN": 6.388968309253753, "CLEAR_AIR_ACT_CHEMICAL": 54.7947678258095, "METAL": 31.438649848689025, "FEDERAL_FACILITY": 0.37717358014057295}, "AZ": {"CARCINOGEN": 1.9265317372813549, "CLEAR_AIR_ACT_CHEMICAL": 26.85907987516345, "METAL": 85.74556333956494, "FEDERAL_FACILITY": 0.12904504615925239}, "ID": {"CARCINOGEN": 6.153523290428512, "CLEAR_AIR_ACT_CHEMICAL": 60.838286993697906, "METAL": 69.32716319536435, "FEDERAL_FACILITY": 3.3776646371726256}, "CT": {"CARCINOGEN": 15.146387892316893, "CLEAR_AIR_ACT_CHEMICAL": 40.42507602761654, "METAL": 29.422362712885512, "FEDERAL_FACILITY": 0.10298058487720432}, "ME": {"CARCINOGEN": 3.623460830052662, "CLEAR_AIR_ACT_CHEMICAL": 49.65961844277306, "METAL": 25.81634907179587, "FEDERAL_FACILITY": 0.02510831611813959}, "MD": {"CARCINOGEN": 3.813817284835424, "CLEAR_AIR_ACT_CHEMICAL": 49.891873896773234, "METAL": 22.20401361658373, "FEDERAL_FACILITY": 1.281233493624022}, "OK": {"CARCINOGEN": 5.632031547437445, "METAL": 12.849416276876834, "CLEAR_AIR_ACT_CHEMICAL": 32.63178308082587, "FEDERAL_FACILITY": 1.5923522404943495}, "OH": {"CARCINOGEN": 5.032730835649836, "CLEAR_AIR_ACT_CHEMICAL": 53.097605141286095, "METAL": 31.0585589302538, "FEDERAL_FACILITY": 0.1019376866955411}, "UT": {"CARCINOGEN": 1.9709822724416755, "CLEAR_AIR_ACT_CHEMICAL": 58.56575347181556, "METAL": 89.38335940155613, "FEDERAL_FACILITY": 0.16745268873903424}, "MO": {"CARCINOGEN": 1.8728077096973352, "METAL": 65.93888207360821, "CLEAR_AIR_ACT_CHEMICAL": 43.859595772105685, "FEDERAL_FACILITY": 0.4420238259886291}, "MN": {"CARCINOGEN": 3.965763829632806, "METAL": 15.03515358441428, "CLEAR_AIR_ACT_CHEMICAL": 34.44068144600908, "FEDERAL_FACILITY": 0.3126237025786507}, "MI": {"CARCINOGEN": 9.86764893279441, "CLEAR_AIR_ACT_CHEMICAL": 47.57330818684279, "METAL": 30.62742387581548, "FEDERAL_FACILITY": 0.14768752875849636}, "RI": {"CARCINOGEN": 15.173087446617211, "CLEAR_AIR_ACT_CHEMICAL": 49.780888336454815, "METAL": 40.040636769983685, "FEDERAL_FACILITY": 0.35785613804122224}, "KS": {"CARCINOGEN": 6.508748566594207, "CLEAR_AIR_ACT_CHEMICAL": 32.13667057251182, "METAL": 17.1421703863638, "FEDERAL_FACILITY": 0.27540706004675763}, "MT": {"FEDERAL_FACILITY": 0.03940442612753992, "CLEAR_AIR_ACT_CHEMICAL": 29.462968285009776, "METAL": 64.1600899315867, "CARCINOGEN": 2.6584833304295197}, "MS": {"CARCINOGEN": 2.1072138557613322, "METAL": 56.07642911146458, "CLEAR_AIR_ACT_CHEMICAL": 67.39443418187963, "FEDERAL_FACILITY": 0.4362670120594732}, "SC": {"CARCINOGEN": 6.837810757628615, "CLEAR_AIR_ACT_CHEMICAL": 56.07814957118124, "METAL": 34.57876953512215, "FEDERAL_FACILITY": 5.511499957847698}, "KY": {"CLEAR_AIR_ACT_CHEMICAL": 42.0701178675009, "CARCINOGEN": 2.4200941769314483, "METAL": 21.803931243106838, "FEDERAL_FACILITY": 14.446778713255384}, "OR": {"CARCINOGEN": 20.569885605163453, "CLEAR_AIR_ACT_CHEMICAL": 53.86156047222994, "METAL": 36.827795392114375, "FEDERAL_FACILITY": 0.0358187899925725}, "SD": {"CARCINOGEN": 6.649276974242153, "CLEAR_AIR_ACT_CHEMICAL": 44.03846407005614, "METAL": 21.835358126812242, "FEDERAL_FACILITY": 0.0009160961597534396}}