{"WA": {"CARCINOGEN": 11.219371361998084, "CLEAR_AIR_ACT_CHEMICAL": 59.04758137247945, "METAL": 53.295565790636736, "FEDERAL_FACILITY": 25.269156535273307}, "DE": {"CARCINOGEN": 9.263362797214517, "CLEAR_AIR_ACT_CHEMICAL": 32.029345189816624, "METAL": 19.875468148390237, "FEDERAL_FACILITY": 0.2538501593113079}, "DC": {"FEDERAL_FACILITY": 94.6124646115473, "CLEAR_AIR_ACT_CHEMICAL": 58.74861296304788, "METAL": 95.5565051472471, "CARCINOGEN": 3.4911696261770415}, "WI": {"CARCINOGEN": 3.671182468264779, "CLEAR_AIR_ACT_CHEMICAL": 42.13712215626607, "METAL": 26.9834666310526, "FEDERAL_FACILITY": 0.18262295168490775}, "WV": {"CARCINOGEN": 3.178323602193149, "CLEAR_AIR_ACT_CHEMICAL": 38.786814056581164, "METAL": 30.61064628786916, "FEDERAL_FACILITY": 0.03140734740773243}, "HI": {"CARCINOGEN": 4.734170798056369, "CLEAR_AIR_ACT_CHEMICAL": 12.027591437465507, "METAL": 13.041729046168138, "FEDERAL_FACILITY": 31.05455356074625}, "FL": {"CARCINOGEN": 5.2283577794688885, "CLEAR_AIR_ACT_CHEMICAL": 31.488813175230746, "METAL": 14.153436097169761, "FEDERAL_FACILITY": 0.8027556212258773}, "WY": {"CARCINOGEN": 0.9173023178827086, "CLEAR_AIR_ACT_CHEMICAL": 15.44389205812616, "METAL": 13.530384648967573, "FEDERAL_FACILITY": 0.14200341814825046}, "NH": {"CARCINOGEN": 12.437585471591817, "CLEAR_AIR_ACT_CHEMICAL": 40.34722715513661, "METAL": 22.435073684756844, "FEDERAL_FACILITY": 0.21983161927120232}, "NJ": {"CARCINOGEN": 1.1960185235170702, "CLEAR_AIR_ACT_CHEMICAL": 55.207266847576655, "METAL": 71.05576051042782, "FEDERAL_FACILITY": 0.15010407868715273}, "NM": {"CARCINOGEN": 1.613928870574216, "CLEAR_AIR_ACT_CHEMICAL": 70.8501106814868, "METAL": 46.6755071489595, "FEDERAL_FACILITY": 0.6142950759042006}, "TX": {"CARCINOGEN": 9.568053787147822, "CLEAR_AIR_ACT_CHEMICAL": 48.459662169694944, "METAL": 12.601790756782453, "FEDERAL_FACILITY": 0.44480842387025965}, "LA": {"CARCINOGEN": 14.545303050247627, "CLEAR_AIR_ACT_CHEMICAL": 46.07682677985064, "METAL": 13.176993894887767, "FEDERAL_FACILITY": 0.07676546051180749}, "NC": {"CARCINOGEN": 3.7696134444407536, "CLEAR_AIR_ACT_CHEMICAL": 39.03420860947519, "METAL": 42.05974807070682, "FEDERAL_FACILITY": 2.1759048414469953}, "ND": {"CARCINOGEN": 1.0491369019250218, "CLEAR_AIR_ACT_CHEMICAL": 11.615353732471414, "METAL": 8.215911585114007, "FEDERAL_FACILITY": 0.018228170873997095}, "NE": {"CARCINOGEN": 3.8237233415520198, "CLEAR_AIR_ACT_CHEMICAL": 21.07198772921859, "METAL": 8.34514518960645, "FEDERAL_FACILITY": 0.019276745289891924}, "TN": {"CARCINOGEN": 4.610502723668116, "CLEAR_AIR_ACT_CHEMICAL": 49.383837155288525, "METAL": 48.34507421943341, "FEDERAL_FACILITY": 16.18715703458856}, "NY": {"CARCINOGEN": 4.65191472918379, "METAL": 13.722378110578912, "CLEAR_AIR_ACT_CHEMICAL": 31.873902744586662, "FEDERAL_FACILITY": 1.1815390910836905}, "PA": {"CARCINOGEN": 6.863857859863209, "CLEAR_AIR_ACT_CHEMICAL": 48.502555415789075, "METAL": 45.02793832921755, "FEDERAL_FACILITY": 0.2334605935655318}, "AK": {"FEDERAL_FACILITY": 0.0705813221868908, "CLEAR_AIR_ACT_CHEMICAL": 41.118624412241424, "METAL": 99.15916634601261, "CARCINOGEN": 0.0619803523724903}, "NV": {"CARCINOGEN": 1.5788955332314194, "CLEAR_AIR_ACT_CHEMICAL": 85.92362734666867, "METAL": 97.06607326811006, "FEDERAL_FACILITY": 0.39720878720688035}, "VA": {"CARCINOGEN": 3.9915097499520655, "CLEAR_AIR_ACT_CHEMICAL": 40.536606186577046, "METAL": 13.730835437530148, "FEDERAL_FACILITY": 25.500637149642618}, "CO": {"CARCINOGEN": 1.8316258846270288, "CLEAR_AIR_ACT_CHEMICAL": 58.51780424299854, "METAL": 58.53630234032078, "FEDERAL_FACILITY": 1.9053948182051763}, "CA": {"CARCINOGEN": 10.530823333565992, "CLEAR_AIR_ACT_CHEMICAL": 47.92788060188889, "METAL": 29.003663218802306, "FEDERAL_FACILITY": 3.7260494353542875}, "AL": {"CARCINOGEN": 8.43791671407835, "METAL": 35.400714569637834, "CLEAR_AIR_ACT_CHEMICAL": 53.70889250903607, "FEDERAL_FACILITY": 4.5739202184207715}, "AS": {"CARCINOGEN": 1.3345371914973603, "CLEAR_AIR_ACT_CHEMICAL": 1.3345371914973603}, "AR": {"CARCINOGEN": 9.702858067096656, "CLEAR_AIR_ACT_CHEMICAL": 56.943762625428775, "METAL": 22.96057732756343, "FEDERAL_FACILITY": 0.3899469321149045}, "VT": {"CARCINOGEN": 19.59321519187722, "CLEAR_AIR_ACT_CHEMICAL": 26.210092201178405, "METAL": 24.057550126038237, "FEDERAL_FACILITY": 7.192784576904643}, "IL": {"CARCINOGEN": 13.430357803781302, "CLEAR_AIR_ACT_CHEMICAL": 48.746093145499216, "METAL": 37.13759342129187, "FEDERAL_FACILITY": 0.013804446994842044}, "GA": {"CARCINOGEN": 4.895789497829809, "CLEAR_AIR_ACT_CHEMICAL": 41.701034972621876, "METAL": 10.784304429632652, "FEDERAL_FACILITY": 1.433990677390062}, "IN": {"CARCINOGEN": 8.410949504763211, "CLEAR_AIR_ACT_CHEMICAL": 41.81523136671353, "METAL": 52.656583810631766, "FEDERAL_FACILITY": 0.43007827293020967}, "IA": {"CARCINOGEN": 4.663655542477013, "CLEAR_AIR_ACT_CHEMICAL": 32.95671464261574, "METAL": 16.134848784424204, "FEDERAL_FACILITY": 0.03300164492765622}, "MA": {"CARCINOGEN": 12.240500818972443, "CLEAR_AIR_ACT_CHEMICAL": 36.34440402875994, "METAL": 27.415287836258322, "FEDERAL_FACILITY": 1.3890137771649227}, "AZ": {"CARCINOGEN": 2.9985890728029188, "CLEAR_AIR_ACT_CHEMICAL": 35.14886058841911, "METAL": 87.33819773657355, "FEDERAL_FACILITY": 0.09890956664907376}, "ID": {"CARCINOGEN": 5.204152691275831, "CLEAR_AIR_ACT_CHEMICAL": 60.74224567982605, "METAL": 69.32470326385828, "FEDERAL_FACILITY": 1.7403217519423282}, "CT": {"CARCINOGEN": 16.458110960549604, "CLEAR_AIR_ACT_CHEMICAL": 43.250072088382915, "METAL": 32.644447695660226, "FEDERAL_FACILITY": 0.412602651726578}, "ME": {"CARCINOGEN": 4.29934950535437, "CLEAR_AIR_ACT_CHEMICAL": 38.867363793585916, "METAL": 36.237269445672055, "FEDERAL_FACILITY": 0.8284734501801422}, "MD": {"CARCINOGEN": 5.673606700578645, "CLEAR_AIR_ACT_CHEMICAL": 48.17187281991588, "METAL": 19.05068221031922, "FEDERAL_FACILITY": 4.328874406465037}, "OK": {"CARCINOGEN": 3.749658018061477, "CLEAR_AIR_ACT_CHEMICAL": 35.26432146075811, "METAL": 15.219081670950787, "FEDERAL_FACILITY": 1.056101472863882}, "OH": {"CARCINOGEN": 5.395868588067607, "CLEAR_AIR_ACT_CHEMICAL": 44.40551129613716, "METAL": 34.932388082601946, "FEDERAL_FACILITY": 0.06876097379438692}, "UT": {"FEDERAL_FACILITY": 0.06396717271534176, "CLEAR_AIR_ACT_CHEMICAL": 62.00655764763228, "METAL": 92.48108097369293, "CARCINOGEN": 0.6808179007876582}, "MO": {"CARCINOGEN": 2.0353017999074985, "CLEAR_AIR_ACT_CHEMICAL": 47.68737652983063, "METAL": 65.56606794766626, "FEDERAL_FACILITY": 0.693388616730892}, "MN": {"CARCINOGEN": 4.7408865178805835, "CLEAR_AIR_ACT_CHEMICAL": 40.31038518536899, "METAL": 19.639035201278013, "FEDERAL_FACILITY": 0.3225570342338031}, "MI": {"CARCINOGEN": 9.385653779171662, "CLEAR_AIR_ACT_CHEMICAL": 49.37968633273053, "METAL": 47.567941598115915, "FEDERAL_FACILITY": 0.05797023043591567}, "RI": {"CARCINOGEN": 4.297706110295791, "CLEAR_AIR_ACT_CHEMICAL": 33.67845381848323, "METAL": 15.004310069421075, "FEDERAL_FACILITY": 0.10416938702790901}, "KS": {"CARCINOGEN": 9.329714512985277, "CLEAR_AIR_ACT_CHEMICAL": 43.59242640243719, "METAL": 16.545803740239478, "FEDERAL_FACILITY": 0.539237996250844}, "MT": {"CARCINOGEN": 3.4723671363208073, "METAL": 66.36562388497687, "CLEAR_AIR_ACT_CHEMICAL": 32.23196258589297, "FEDERAL_FACILITY": 0.05517225841907067}, "MS": {"CARCINOGEN": 2.0277430605776745, "CLEAR_AIR_ACT_CHEMICAL": 71.68873444282859, "METAL": 59.83442588368276, "FEDERAL_FACILITY": 0.9429381483137458}, "SC": {"CARCINOGEN": 10.050967964990015, "CLEAR_AIR_ACT_CHEMICAL": 62.779072776221945, "METAL": 25.64293832009431, "FEDERAL_FACILITY": 1.3815005358087047}, "KY": {"CARCINOGEN": 3.14487510413287, "METAL": 25.827257465808117, "CLEAR_AIR_ACT_CHEMICAL": 41.420640104599755, "FEDERAL_FACILITY": 12.920369375794502}, "OR": {"CLEAR_AIR_ACT_CHEMICAL": 50.4868014361476, "CARCINOGEN": 19.625254913486362, "METAL": 14.392743582443469, "FEDERAL_FACILITY": 0.024201315594072268}, "SD": {"CARCINOGEN": 4.605271194788451, "CLEAR_AIR_ACT_CHEMICAL": 33.60799628842309, "METAL": 15.493938697005715,