{"WA": {"CARCINOGEN": 23.729418827795286, "METAL": 32.732878939307426, "CLEAR_AIR_ACT_CHEMICAL": 68.31854866566, "FEDERAL_FACILITY": 19.70061394164554}, "DE": {"CARCINOGEN": 6.723410848196915, "CLEAR_AIR_ACT_CHEMICAL": 42.755733613170925, "METAL": 33.24577017467447, "FEDERAL_FACILITY": 0.0032263627799947207}, "DC": {"FEDERAL_FACILITY": 3.2077235555029464, "CLEAR_AIR_ACT_CHEMICAL": 98.40537700311774, "METAL": 3.2363020587030076, "CARCINOGEN": 96.56611580471738}, "WI": {"CARCINOGEN": 3.352320762152646, "CLEAR_AIR_ACT_CHEMICAL": 44.982877268761165, "METAL": 24.495839839405956, "FEDERAL_FACILITY": 0.2334556418855928}, "WV": {"CARCINOGEN": 3.616968227228825, "CLEAR_AIR_ACT_CHEMICAL": 40.9260763330713, "METAL": 29.303584096479106, "FEDERAL_FACILITY": 0.02820750900283113}, "HI": {"CARCINOGEN": 8.548002987758125, "CLEAR_AIR_ACT_CHEMICAL": 16.599214583988747, "METAL": 19.70235426776031, "FEDERAL_FACILITY": 33.882803719302416}, "FL": {"CARCINOGEN": 5.4037049734397735, "CLEAR_AIR_ACT_CHEMICAL": 32.26577997743429, "METAL": 13.590900631436867, "FEDERAL_FACILITY": 0.8161396620627885}, "WY": {"CARCINOGEN": 1.107623680212171, "CLEAR_AIR_ACT_CHEMICAL": 20.534487939186874, "METAL": 14.981778136997741, "FEDERAL_FACILITY": 0.0009529693216812454}, "NH": {"CARCINOGEN": 11.290553486289802, "CLEAR_AIR_ACT_CHEMICAL": 32.39451573055942, "METAL": 20.882034313642144, "FEDERAL_FACILITY": 0.10772982700711364}, "NJ": {"CARCINOGEN": 5.849782232664599, "METAL": 17.92246612886128, "CLEAR_AIR_ACT_CHEMICAL": 23.585948590714278, "FEDERAL_FACILITY": 1.2277069082268213}, "NM": {"CARCINOGEN": 1.4336022762135914, "CLEAR_AIR_ACT_CHEMICAL": 68.39558863003259, "METAL": 52.60211702431635, "FEDERAL_FACILITY": 0.6123999370900269}, "TX": {"CARCINOGEN": 10.525208421766948, "CLEAR_AIR_ACT_CHEMICAL": 46.72093431784241, "METAL": 16.085774784746135, "FEDERAL_FACILITY": 0.7953917069451055}, "LA": {"CARCINOGEN": 14.363668835241302, "CLEAR_AIR_ACT_CHEMICAL": 46.71824117019509, "METAL": 13.433913484749263, "FEDERAL_FACILITY": 0.07144321557059205}, "NC": {"CARCINOGEN": 5.02079703396532, "CLEAR_AIR_ACT_CHEMICAL": 42.33010298396295, "METAL": 34.3162337577718, "FEDERAL_FACILITY": 2.783159838550813}, "ND": {"CARCINOGEN": 1.367029198838828, "CLEAR_AIR_ACT_CHEMICAL": 14.812138800386613, "METAL": 10.471771213759231, "FEDERAL_FACILITY": 0.012271561981205763}, "NE": {"CARCINOGEN": 3.3584261568051623, "CLEAR_AIR_ACT_CHEMICAL": 17.399869678353316, "METAL": 10.585767951003396, "FEDERAL_FACILITY": 0.011453280900260435}, "TN": {"CLEAR_AIR_ACT_CHEMICAL": 48.12092338376223, "CARCINOGEN": 4.755748668934889, "METAL": 49.133568904170424, "FEDERAL_FACILITY": 17.026884189346905}, "NY": {"CARCINOGEN": 5.628864078917093, "CLEAR_AIR_ACT_CHEMICAL": 33.53755219997892, "METAL": 14.929212086532505, "FEDERAL_FACILITY": 1.7614457294781722}, "PA": {"CARCINOGEN": 6.426310338773734, "CLEAR_AIR_ACT_CHEMICAL": 46.0087516497229, "METAL": 47.38415477533559, "FEDERAL_FACILITY": 0.15957194485681328}, "AK": {"CARCINOGEN": 0.020658254313021117, "CLEAR_AIR_ACT_CHEMICAL": 38.40389652163189, "METAL": 98.76725905020265, "FEDERAL_FACILITY": 0.038087480354665}, "NV": {"CARCINOGEN": 1.8372753068877639, "CLEAR_AIR_ACT_CHEMICAL": 81.76190720796988, "METAL": 96.1889404295955, "FEDERAL_FACILITY": 0.44756318615586826}, "VA": {"CARCINOGEN": 6.193535019911578, "CLEAR_AIR_ACT_CHEMICAL": 46.298000825555015, "METAL": 12.482159257049869, "FEDERAL_FACILITY": 22.151042958140945}, "CO": {"CARCINOGEN": 3.625086293865593, "CLEAR_AIR_ACT_CHEMICAL": 53.47126103508501, "METAL": 52.10786245018616, "FEDERAL_FACILITY": 2.432410336427232}, "CA": {"CARCINOGEN": 11.858892117144485, "CLEAR_AIR_ACT_CHEMICAL": 54.388301791354735, "METAL": 31.12808614460054, "FEDERAL_FACILITY": 3.8687456467667976}, "AL": {"CARCINOGEN": 7.25292935570683, "CLEAR_AIR_ACT_CHEMICAL": 51.46255179213156, "METAL": 33.38527504930601, "FEDERAL_FACILITY": 6.126188550988446}, "AS": {"CARCINOGEN": 0.9451915662589363, "CLEAR_AIR_ACT_CHEMICAL": 0.9451915662589363}, "AR": {"CARCINOGEN": 5.616431951036929, "CLEAR_AIR_ACT_CHEMICAL": 57.568546115572225, "METAL": 19.707837655634652, "FEDERAL_FACILITY": 0.23430134180830856}, "VT": {"CARCINOGEN": 25.13783531080163, "CLEAR_AIR_ACT_CHEMICAL": 32.83741310941397, "METAL": 26.042341919783063, "FEDERAL_FACILITY": 9.275984210945893}, "IL": {"CARCINOGEN": 7.9709889500946804, "CLEAR_AIR_ACT_CHEMICAL": 45.54187993773742, "METAL": 37.9592562980613, "FEDERAL_FACILITY": 0.03062952124982512}, "GA": {"CARCINOGEN": 4.515968487072053, "CLEAR_AIR_ACT_CHEMICAL": 42.42382796317231, "METAL": 10.636243127042963, "FEDERAL_FACILITY": 1.407131393385046}, "IN": {"CARCINOGEN": 7.508330235696639, "CLEAR_AIR_ACT_CHEMICAL": 39.42725599773389, "METAL": 48.40260353144065, "FEDERAL_FACILITY": 0.34057451215406653}, "IA": {"CARCINOGEN": 5.987956618174146, "CLEAR_AIR_ACT_CHEMICAL": 35.25070258034428, "METAL": 16.745343880259313, "FEDERAL_FACILITY": 0.0838600068988841}, "MA": {"CARCINOGEN": 4.107210735577105, "CLEAR_AIR_ACT_CHEMICAL": 15.034902844859277, "METAL": 13.038297516927239, "FEDERAL_FACILITY": 0.13451758508294742}, "AZ": {"CARCINOGEN": 3.3622962948615145, "METAL": 85.0239732719822, "CLEAR_AIR_ACT_CHEMICAL": 29.674258281256126, "FEDERAL_FACILITY": 0.13378877424874056}, "ID": {"CARCINOGEN": 3.8743206347530887, "CLEAR_AIR_ACT_CHEMICAL": 58.45990302412349, "METAL": 67.60273785677106, "FEDERAL_FACILITY": 2.1641859638934893}, "CT": {"CARCINOGEN": 25.766587014675107, "CLEAR_AIR_ACT_CHEMICAL": 50.22873103250161, "METAL": 24.59759748010553, "FEDERAL_FACILITY": 0.23273345382072014}, "ME": {"CARCINOGEN": 3.167808838392858, "CLEAR_AIR_ACT_CHEMICAL": 38.81851110384575, "METAL": 39.338899712075154, "FEDERAL_FACILITY": 0.004431149987445747}, "MD": {"CARCINOGEN": 6.229832932544947, "CLEAR_AIR_ACT_CHEMICAL": 45.26545994806325, "METAL": 15.526354140815116, "FEDERAL_FACILITY": 1.956646735107213}, "OK": {"CARCINOGEN": 3.8376512646395127, "CLEAR_AIR_ACT_CHEMICAL": 37.39940636772675, "METAL": 15.488410579748507, "FEDERAL_FACILITY": 2.3938905047110866}, "OH": {"CARCINOGEN": 4.585328637224806, "CLEAR_AIR_ACT_CHEMICAL": 46.11619456592396, "METAL": 34.87251347802099, "FEDERAL_FACILITY": 0.10713305744207459}, "UT": {"CARCINOGEN": 0.7089166476042765, "CLEAR_AIR_ACT_CHEMICAL": 68.66685461507522, "METAL": 91.8875781580915, "FEDERAL_FACILITY": 0.03586474681962895}, "MO": {"CARCINOGEN": 1.9968566551114526, "CLEAR_AIR_ACT_CHEMICAL": 47.10849113737658, "METAL": 66.37506068004919, "FEDERAL_FACILITY": 0.5840741198046964}, "MN": {"CARCINOGEN": 4.338746053530137, "CLEAR_AIR_ACT_CHEMICAL": 35.51530255536279, "METAL": 16.670504928723854, "FEDERAL_FACILITY": 0.16168686272823665}, "MI": {"CARCINOGEN": 5.964102506470689, "CLEAR_AIR_ACT_CHEMICAL": 43.43999215056995, "METAL": 40.62246361787849, "FEDERAL_FACILITY": 0.07770352961137178}, "RI": {"CARCINOGEN": 6.674064322660002, "CLEAR_AIR_ACT_CHEMICAL": 35.68373029397817, "METAL": 16.74088327187576, "FEDERAL_FACILITY": 0.2229374686997071}, "KS": {"CARCINOGEN": 8.561263558617606, "METAL": 15.528549474872447, "CLEAR_AIR_ACT_CHEMICAL": 40.62847691536167, "FEDERAL_FACILITY": 0.49161648589882084}, "MT": {"CARCINOGEN": 3.31659903039597, "CLEAR_AIR_ACT_CHEMICAL": 30.0061321434068, "METAL": 64.90818756656694, "FEDERAL_FACILITY": 0.03682238788887138}, "MS": {"CARCINOGEN": 1.956181389990257, "CLEAR_AIR_ACT_CHEMICAL": 68.92742607242535, "METAL": 50.317279544684055, "FEDERAL_FACILITY": 0.7204520185138718}, "SC": {"CARCINOGEN": 9.119453095124188, "CLEAR_AIR_ACT_CHEMICAL": 65.90373141843132, "METAL": 30.72514144981808, "FEDERAL_FACILITY": 1.3349591297288645}, "KY": {"CARCINOGEN": 2.8994781953866893, "CLEAR_AIR_ACT_CHEMICAL": 40.542654794206214, "METAL": 26.268247156099267, "FEDERAL_FACILITY": 10.885578076200195}, "OR": {"CARCINOGEN": 15.19916764446936, "CLEAR_AIR_ACT_CHEMICAL": 54.19506966452521, "METAL": 24.817379742851603, "FEDERAL_FACILITY": 0.026759047805627295}, "SD": {"CARCINOGEN": 4.7382766067992765, "CLEAR_AIR_ACT_CHEMICAL": 37.2713714849967, "METAL": 20.675855639792896,