{"WA": {"CLEAR_AIR_ACT_CHEMICAL": 57.16999265936651, "CARCINOGEN": 12.96630528562572, "METAL": 30.169117770503068, "FEDERAL_FACILITY": 7.620525128766601}, "DE": {"CARCINOGEN": 1.6822481797653839, "CLEAR_AIR_ACT_CHEMICAL": 65.65786688990084, "METAL": 36.03149998192336, "FEDERAL_FACILITY": 0.0032725019699362547}, "DC": {"CLEAR_AIR_ACT_CHEMICAL": 54.131904071276836, "CARCINOGEN": 4.6778754798817355, "METAL": 87.79989033169339, "FEDERAL_FACILITY": 92.62874134019768}, "WI": {"CARCINOGEN": 4.761347392090446, "CLEAR_AIR_ACT_CHEMICAL": 48.237650303477054, "METAL": 23.249447316779086, "FEDERAL_FACILITY": 0.3359203017533111}, "WV": {"CARCINOGEN": 2.2130849400306225, "CLEAR_AIR_ACT_CHEMICAL": 51.71507221051969, "METAL": 19.37507117916961, "FEDERAL_FACILITY": 0.00792471585720351}, "HI": {"CLEAR_AIR_ACT_CHEMICAL": 23.243611963419617, "CARCINOGEN": 3.9432789125170777, "METAL": 13.83497197148371, "FEDERAL_FACILITY": 15.073454495700428}, "FL": {"CARCINOGEN": 3.262396765008899, "CLEAR_AIR_ACT_CHEMICAL": 51.92657541923349, "METAL": 10.45660612853631, "FEDERAL_FACILITY": 0.7138458156139716}, "WY": {"CARCINOGEN": 1.0278007980828452, "CLEAR_AIR_ACT_CHEMICAL": 14.803078277076173, "METAL": 10.607976640299768, "FEDERAL_FACILITY": 0.005091647457766016}, "NH": {"CLEAR_AIR_ACT_CHEMICAL": 71.08686290893922, "METAL": 5.570503629548466, "CARCINOGEN": 2.346068679315799}, "NJ": {"CARCINOGEN": 2.827547274597746, "CLEAR_AIR_ACT_CHEMICAL": 29.080039256645072, "METAL": 12.961788349978667, "FEDERAL_FACILITY": 1.615652531831396}, "NM": {"CARCINOGEN": 1.4584364154229363, "CLEAR_AIR_ACT_CHEMICAL": 38.42388731417302, "METAL": 43.53772537998925, "FEDERAL_FACILITY": 1.9634640113663449}, "TX": {"CARCINOGEN": 9.28406956322668, "CLEAR_AIR_ACT_CHEMICAL": 41.552214612242125, "METAL": 14.50416737520454, "FEDERAL_FACILITY": 0.6469462836823819}, "LA": {"CARCINOGEN": 12.295029654245386, "CLEAR_AIR_ACT_CHEMICAL": 47.61200412143452, "METAL": 14.622769410079517, "FEDERAL_FACILITY": 0.16683709798941607}, "NC": {"CARCINOGEN": 3.2559043361798343, "CLEAR_AIR_ACT_CHEMICAL": 54.36184981834696, "METAL": 18.183535747189833, "FEDERAL_FACILITY": 4.220374141784286}, "ND": {"CARCINOGEN": 1.1651239369449544, "CLEAR_AIR_ACT_CHEMICAL": 23.96036685986403, "METAL": 16.35106579742556, "FEDERAL_FACILITY": 0.019426655531448643}, "NE": {"CARCINOGEN": 2.8495098562602066, "CLEAR_AIR_ACT_CHEMICAL": 17.321859529709364, "METAL": 12.492561679759262, "FEDERAL_FACILITY": 1.2576071897817795}, "TN": {"CARCINOGEN": 4.306518146849112, "CLEAR_AIR_ACT_CHEMICAL": 52.23768166988116, "METAL": 49.76997633177774, "FEDERAL_FACILITY": 22.604207910050906}, "NY": {"CARCINOGEN": 5.274317399757946, "METAL": 15.663051744563644, "CLEAR_AIR_ACT_CHEMICAL": 41.42534079687154, "FEDERAL_FACILITY": 1.2938228568980488}, "PA": {"CARCINOGEN": 3.3566263957287146, "CLEAR_AIR_ACT_CHEMICAL": 50.270407634502135, "METAL": 44.71238435827974, "FEDERAL_FACILITY": 0.1973858698741232}, "AK": {"CARCINOGEN": 0.01452787449382078, "CLEAR_AIR_ACT_CHEMICAL": 31.41245728291024, "METAL": 99.60405899815709, "FEDERAL_FACILITY": 0.040231954463370946}, "NV": {"CARCINOGEN": 0.9068187374709282, "CLEAR_AIR_ACT_CHEMICAL": 70.28634049007269, "METAL": 95.80289895425585, "FEDERAL_FACILITY": 0.16748413640193135}, "VA": {"CARCINOGEN": 2.400549038848516, "METAL": 15.29560301678948, "CLEAR_AIR_ACT_CHEMICAL": 42.85134921859854, "FEDERAL_FACILITY": 23.36838873992628}, "CO": {"CARCINOGEN": 1.7329444321688054, "CLEAR_AIR_ACT_CHEMICAL": 45.80717782298835, "METAL": 42.02807246529016, "FEDERAL_FACILITY": 1.9386737957418378}, "CA": {"CARCINOGEN": 15.222862973314783, "CLEAR_AIR_ACT_CHEMICAL": 50.09506228060893, "METAL": 37.96040175560606, "FEDERAL_FACILITY": 3.9775835850672037}, "AL": {"FEDERAL_FACILITY": 5.3091322707359465, "CLEAR_AIR_ACT_CHEMICAL": 48.65710095967851, "METAL": 37.04355408757484, "CARCINOGEN": 7.847184463307319}, "AS": {"CARCINOGEN": 100.0, "CLEAR_AIR_ACT_CHEMICAL": 100.0}, "AR": {"CARCINOGEN": 5.073316569318901, "METAL": 24.86172651729978, "CLEAR_AIR_ACT_CHEMICAL": 49.614013455690426, "FEDERAL_FACILITY": 0.22601593684955565}, "VT": {"CARCINOGEN": 12.126950494221523, "CLEAR_AIR_ACT_CHEMICAL": 15.644973238273494, "METAL": 16.004407562802804, "FEDERAL_FACILITY": 5.745587667994865}, "IL": {"CARCINOGEN": 2.9911668732548438, "METAL": 39.24879763811674, "CLEAR_AIR_ACT_CHEMICAL": 35.51843157490955, "FEDERAL_FACILITY": 0.14138449895901298}, "GA": {"CARCINOGEN": 3.8668834866456128, "CLEAR_AIR_ACT_CHEMICAL": 48.01035400502337, "METAL": 11.554062734913085, "FEDERAL_FACILITY": 1.2811154029919178}, "IN": {"CARCINOGEN": 5.534117649001632, "CLEAR_AIR_ACT_CHEMICAL": 43.13716931276694, "METAL": 48.12597740368665, "FEDERAL_FACILITY": 0.4363990140961498}, "IA": {"CARCINOGEN": 4.18424953553197, "CLEAR_AIR_ACT_CHEMICAL": 31.775261737603778, "METAL": 26.406039801573648, "FEDERAL_FACILITY": 0.3194461029115312}, "MA": {"CARCINOGEN": 7.267824032264068, "CLEAR_AIR_ACT_CHEMICAL": 69.98408827693723, "METAL": 19.54610567200083, "FEDERAL_FACILITY": 0.27311550308406074}, "AZ": {"CARCINOGEN": 1.9421653872118618, "CLEAR_AIR_ACT_CHEMICAL": 27.46805325432969, "METAL": 82.40345364560653, "FEDERAL_FACILITY": 0.14174821547357752}, "ID": {"CARCINOGEN": 9.361076096644911, "CLEAR_AIR_ACT_CHEMICAL": 60.10577451864534, "METAL": 71.83806522268094, "FEDERAL_FACILITY": 5.278148173677534}, "CT": {"CARCINOGEN": 15.124696966971202, "CLEAR_AIR_ACT_CHEMICAL": 35.61582635819377, "METAL": 25.302838530592553, "FEDERAL_FACILITY": 0.09671442061690445}, "ME": {"CARCINOGEN": 3.244070423699594, "CLEAR_AIR_ACT_CHEMICAL": 50.68040227229833, "METAL": 24.186089484816115, "FEDERAL_FACILITY": 0.027344836084134874}, "MD": {"CARCINOGEN": 1.2660789073966279, "CLEAR_AIR_ACT_CHEMICAL": 79.27548437739182, "METAL": 8.8330691428695, "FEDERAL_FACILITY": 0.49359407488155865}, "OK": {"CARCINOGEN": 3.4671578968004506, "CLEAR_AIR_ACT_CHEMICAL": 28.885140522534176, "METAL": 15.54540942108832, "FEDERAL_FACILITY": 8.889488222954578}, "OH": {"CARCINOGEN": 6.168698277007948, "CLEAR_AIR_ACT_CHEMICAL": 56.38107530390092, "METAL": 28.752461830078307, "FEDERAL_FACILITY": 0.07795065646921027}, "UT": {"CARCINOGEN": 1.747643174083394, "CLEAR_AIR_ACT_CHEMICAL": 30.447416309700593, "METAL": 89.76543900790006, "FEDERAL_FACILITY": 0.19145990576701502}, "MO": {"CARCINOGEN": 1.7319609846062487, "CLEAR_AIR_ACT_CHEMICAL": 44.158242395393884, "METAL": 67.0194438454128, "FEDERAL_FACILITY": 0.6950702951480577}, "MN": {"CARCINOGEN": 3.7681598726517356, "CLEAR_AIR_ACT_CHEMICAL": 34.543786211700386, "METAL": 16.478660937160004, "FEDERAL_FACILITY": 0.25873255603204626}, "MI": {"CARCINOGEN": 5.04728998553472, "CLEAR_AIR_ACT_CHEMICAL": 51.02676774110576, "METAL": 21.03046841732782, "FEDERAL_FACILITY": 0.06328849597948359}, "RI": {"CARCINOGEN": 29.02614452463313, "METAL": 32.992315506883024, "CLEAR_AIR_ACT_CHEMICAL": 60.29419715242831, "FEDERAL_FACILITY": 0.1574550647724726}, "KS": {"CLEAR_AIR_ACT_CHEMICAL": 31.659832320036372, "CARCINOGEN": 6.285500107748364, "METAL": 16.62262093669352, "FEDERAL_FACILITY": 0.6034653653616071}, "MT": {"CARCINOGEN": 2.1364692856115233, "CLEAR_AIR_ACT_CHEMICAL": 35.59426087874547, "METAL": 71.94226850651651, "FEDERAL_FACILITY": 0.045553695434702376}, "MS": {"CARCINOGEN": 2.3995949034577486, "METAL": 55.51092793703762, "CLEAR_AIR_ACT_CHEMICAL": 64.63229151927322, "FEDERAL_FACILITY": 0.5092312209370597}, "SC": {"CARCINOGEN": 8.377580284762617, "CLEAR_AIR_ACT_CHEMICAL": 65.47004765565636, "METAL": 20.937975590049778, "FEDERAL_FACILITY": 5.065833793158852}, "KY": {"CARCINOGEN": 2.2992876114269367, "CLEAR_AIR_ACT_CHEMICAL": 40.82455322263739, "METAL": 20.97071041425345, "FEDERAL_FACILITY": 16.070887049659856}, "OR": {"FEDERAL_FACILITY": 0.04899182051020332, "CLEAR_AIR_ACT_CHEMICAL": 49.38112793369171, "METAL": 33.86245577500123, "CARCINOGEN": 18.24877171139858}, "SD": {"CARCINOGEN": 5.37794201079485, "CLEAR_AIR_ACT_CHEMICAL": 48.570519113268276, "METAL": 36.45897390892529, "FEDERAL_FACILITY": 0.0005505162688301167}}