{"WA": {"FEDERAL_FACILITY": 10.440521274067793, "CLEAR_AIR_ACT_CHEMICAL": 61.22399899158141, "METAL": 29.860361683656038, "CARCINOGEN": 13.872979736920898}, "DE": {"CARCINOGEN": 12.478726188583039, "METAL": 27.922421235774948, "CLEAR_AIR_ACT_CHEMICAL": 68.85145770435469, "FEDERAL_FACILITY": 0.012150523678142367}, "DC": {"FEDERAL_FACILITY": 99.2603565676633, "CLEAR_AIR_ACT_CHEMICAL": 74.91610995100308, "METAL": 96.19806803036077, "CARCINOGEN": 3.881034611134076}, "WI": {"CARCINOGEN": 5.823147813663777, "METAL": 29.125510935899097, "CLEAR_AIR_ACT_CHEMICAL": 45.55926604947238, "FEDERAL_FACILITY": 0.1992063951020075}, "WV": {"CARCINOGEN": 3.3979592724092496, "CLEAR_AIR_ACT_CHEMICAL": 39.546248628987755, "METAL": 26.857241651943603, "FEDERAL_FACILITY": 0.04533139874282631}, "HI": {"CARCINOGEN": 3.4385495480800796, "CLEAR_AIR_ACT_CHEMICAL": 16.694958830504685, "METAL": 8.256920189334325, "FEDERAL_FACILITY": 21.71573365201101}, "FL": {"CARCINOGEN": 3.8403433634569364, "CLEAR_AIR_ACT_CHEMICAL": 28.78282506310858, "METAL": 9.919635846308026, "FEDERAL_FACILITY": 0.6843582056077806}, "WY": {"CARCINOGEN": 0.9584164889012944, "CLEAR_AIR_ACT_CHEMICAL": 17.413489213043494, "METAL": 11.983950130946493, "FEDERAL_FACILITY": 0.0216451267942373}, "NH": {"CARCINOGEN": 3.0433090607243587, "CLEAR_AIR_ACT_CHEMICAL": 63.15287210397702, "METAL": 5.091072179909739, "FEDERAL_FACILITY": 0.008086154467583102}, "NJ": {"CARCINOGEN": 4.955214057795771, "CLEAR_AIR_ACT_CHEMICAL": 15.762878790877377, "METAL": 17.635923756616055, "FEDERAL_FACILITY": 0.940888959086315}, "NM": {"CARCINOGEN": 1.5204727180906572, "CLEAR_AIR_ACT_CHEMICAL": 40.7158706225476, "METAL": 45.74242702100834, "FEDERAL_FACILITY": 1.9055446736359136}, "TX": {"CARCINOGEN": 11.630877336019562, "CLEAR_AIR_ACT_CHEMICAL": 46.04265009727742, "METAL": 16.582671830323438, "FEDERAL_FACILITY": 0.41971844016354537}, "LA": {"CARCINOGEN": 14.627700002834521, "CLEAR_AIR_ACT_CHEMICAL": 49.9465361785553, "METAL": 14.429112303888234, "FEDERAL_FACILITY": 0.06156336541041533}, "NC": {"CARCINOGEN": 4.12141651264797, "CLEAR_AIR_ACT_CHEMICAL": 50.90149828979451, "METAL": 24.065230435560462, "FEDERAL_FACILITY": 4.200068390938712}, "ND": {"CARCINOGEN": 2.410366631906482, "CLEAR_AIR_ACT_CHEMICAL": 23.705845687197076, "METAL": 17.563129610586316, "FEDERAL_FACILITY": 0.028102631635209048}, "NE": {"CARCINOGEN": 3.2186315659053673, "CLEAR_AIR_ACT_CHEMICAL": 17.94753338109003, "METAL": 13.610300123082824, "FEDERAL_FACILITY": 0.029042654049571372}, "TN": {"CARCINOGEN": 3.9694281387219474, "METAL": 46.45585758817185, "CLEAR_AIR_ACT_CHEMICAL": 51.90138959984406, "FEDERAL_FACILITY": 26.558252920700603}, "NY": {"CARCINOGEN": 6.0680135200284315, "CLEAR_AIR_ACT_CHEMICAL": 46.13825126571646, "METAL": 18.776131003316838, "FEDERAL_FACILITY": 1.3945160207311025}, "PA": {"CARCINOGEN": 4.2658267155477, "CLEAR_AIR_ACT_CHEMICAL": 39.913881532676804, "METAL": 49.863713726383345, "FEDERAL_FACILITY": 0.13199489514340687}, "AK": {"FEDERAL_FACILITY": 0.04512921964669242, "CLEAR_AIR_ACT_CHEMICAL": 47.57924566273044, "METAL": 99.7488775291995, "CARCINOGEN": 0.036198848432615824}, "NV": {"CLEAR_AIR_ACT_CHEMICAL": 91.76292592168024, "CARCINOGEN": 0.4036277852489807, "METAL": 98.10246121821787, "FEDERAL_FACILITY": 0.10946368664854966}, "VA": {"CARCINOGEN": 2.5280836815408736, "CLEAR_AIR_ACT_CHEMICAL": 40.59825832424964, "METAL": 13.094106170677195, "FEDERAL_FACILITY": 29.051528582544506}, "CO": {"CLEAR_AIR_ACT_CHEMICAL": 52.74084053638656, "CARCINOGEN": 3.7768452462528668, "METAL": 51.24667163212548, "FEDERAL_FACILITY": 1.4376918383901647}, "CA": {"CARCINOGEN": 15.226756951530504, "CLEAR_AIR_ACT_CHEMICAL": 52.699816997010096, "METAL": 39.54955350669295, "FEDERAL_FACILITY": 12.853387781952305}, "AL": {"CARCINOGEN": 8.04017734797107, "CLEAR_AIR_ACT_CHEMICAL": 51.131438020639955, "METAL": 36.29747434011919, "FEDERAL_FACILITY": 6.13576290446125}, "AS": {"CARCINOGEN": 100.0, "CLEAR_AIR_ACT_CHEMICAL": 100.0}, "AR": {"CARCINOGEN": 7.231376107111931, "CLEAR_AIR_ACT_CHEMICAL": 47.136134451307996, "METAL": 27.13384038234279, "FEDERAL_FACILITY": 0.17062351749422583}, "VT": {"CARCINOGEN": 20.309341420834663, "CLEAR_AIR_ACT_CHEMICAL": 23.50672990839115, "METAL": 32.91321363328862, "FEDERAL_FACILITY": 2.507175859940636}, "IL": {"CARCINOGEN": 6.231570702129, "CLEAR_AIR_ACT_CHEMICAL": 37.44891331653239, "METAL": 44.89087928520959, "FEDERAL_FACILITY": 0.09708549730282565}, "GA": {"CARCINOGEN": 3.7322955957470745, "METAL": 12.42325060465897, "CLEAR_AIR_ACT_CHEMICAL": 44.7597751534474, "FEDERAL_FACILITY": 1.1616751146007434}, "IN": {"CARCINOGEN": 6.530475479894836, "CLEAR_AIR_ACT_CHEMICAL": 37.11445361613529, "METAL": 42.75518517602229, "FEDERAL_FACILITY": 0.380403761939041}, "IA": {"CARCINOGEN": 4.522555689150483, "CLEAR_AIR_ACT_CHEMICAL": 31.17521791660704, "METAL": 16.085665606775358, "FEDERAL_FACILITY": 0.20454176716992617}, "MA": {"CARCINOGEN": 9.354873366635347, "METAL": 41.053694794829404, "CLEAR_AIR_ACT_CHEMICAL": 50.22957689767722, "FEDERAL_FACILITY": 0.34937652405727254}, "AZ": {"FEDERAL_FACILITY": 0.9559360346153228, "CLEAR_AIR_ACT_CHEMICAL": 27.222552767607013, "METAL": 87.98131710351639, "CARCINOGEN": 2.8668668955598604}, "ID": {"CLEAR_AIR_ACT_CHEMICAL": 59.15301655918343, "CARCINOGEN": 6.881681519298835, "METAL": 67.55468167080974, "FEDERAL_FACILITY": 3.898189621380272}, "CT": {"CARCINOGEN": 19.216169722000508, "CLEAR_AIR_ACT_CHEMICAL": 41.85429401572649, "METAL": 32.43871137412249, "FEDERAL_FACILITY": 0.12776039003045925}, "ME": {"CARCINOGEN": 3.143703489872217, "CLEAR_AIR_ACT_CHEMICAL": 45.35890320645322, "METAL": 32.463252489370404, "FEDERAL_FACILITY": 0.008803809536889355}, "MD": {"CARCINOGEN": 3.6687629557496257, "CLEAR_AIR_ACT_CHEMICAL": 48.037799682618434, "METAL": 18.237401093495148, "FEDERAL_FACILITY": 0.9302005138253732}, "OK": {"CARCINOGEN": 3.2964570430850917, "CLEAR_AIR_ACT_CHEMICAL": 30.665182173064277, "METAL": 15.381052850012694, "FEDERAL_FACILITY": 1.4315162297611892}, "OH": {"CARCINOGEN": 4.300728199730221, "CLEAR_AIR_ACT_CHEMICAL": 51.77303717066489, "METAL": 32.87288165899317, "FEDERAL_FACILITY": 0.16483593298899799}, "UT": {"CLEAR_AIR_ACT_CHEMICAL": 43.885726392143525, "CARCINOGEN": 1.1496376160201331, "METAL": 89.27855655547103, "FEDERAL_FACILITY": 0.088830909668576}, "MO": {"CARCINOGEN": 2.141420739399582, "METAL": 65.97340866454948, "CLEAR_AIR_ACT_CHEMICAL": 43.37511407995172, "FEDERAL_FACILITY": 0.45744902716737196}, "MN": {"CARCINOGEN": 3.714826156794305, "CLEAR_AIR_ACT_CHEMICAL": 35.17742353424232, "METAL": 24.05027578758339, "FEDERAL_FACILITY": 0.3855071156186095}, "MI": {"CARCINOGEN": 9.351921246335309, "CLEAR_AIR_ACT_CHEMICAL": 49.755807350311215, "METAL": 31.555648911453016, "FEDERAL_FACILITY": 0.08484355746154984}, "RI": {"CARCINOGEN": 12.06946892387586, "CLEAR_AIR_ACT_CHEMICAL": 55.946633646693954, "METAL": 44.06501808455576, "FEDERAL_FACILITY": 0.6862426199256231}, "KS": {"CARCINOGEN": 6.007691741457666, "CLEAR_AIR_ACT_CHEMICAL": 31.881748403718678, "METAL": 15.157808520270391, "FEDERAL_FACILITY": 0.20924356641010747}, "MT": {"CARCINOGEN": 2.847373791204691, "CLEAR_AIR_ACT_CHEMICAL": 29.12988785584753, "METAL": 66.28709705949207, "FEDERAL_FACILITY": 0.0440518214712105}, "MS": {"CARCINOGEN": 1.913243875098326, "CLEAR_AIR_ACT_CHEMICAL": 68.5197772556546, "METAL": 53.48229520775052, "FEDERAL_FACILITY": 0.2723891687471912}, "SC": {"CARCINOGEN": 7.734445778575324, "CLEAR_AIR_ACT_CHEMICAL": 58.22040411395765, "METAL": 26.635841255289726, "FEDERAL_FACILITY": 5.254546988479698}, "KY": {"CARCINOGEN": 2.3547107303960106, "CLEAR_AIR_ACT_CHEMICAL": 42.191617841395534, "METAL": 23.49451118362503, "FEDERAL_FACILITY": 14.551633137243853}, "OR": {"CLEAR_AIR_ACT_CHEMICAL": 44.81740978403577, "CARCINOGEN": 19.471748801270564, "METAL": 35.90819456444903, "FEDERAL_FACILITY": 0.028684276923425425}, "SD": {"FEDERAL_FACILITY": 0.0009247995056942295, "CLEAR_AIR_ACT_CHEMICAL": 28.520282877401364, "METAL": 11.846287993925655, "CARCINOGEN": 4.795667779590932}}